<templatefile type='pdf2'><page style="font-size: 16px">
	Vous pouvez choisir l'orientation de votre document, en utilisant ceci :<br>
	<br>
	&lt;page orientation="portrait" &gt; <i>code de la page</i> &lt;/page&gt; : mode portrait<br>
	<br>
	&lt;page orientation="paysage" &gt; <i>code de la page</i> &lt;/page&gt; : mode paysage<br>
	<br>
	En voici un petit exemple !
</page>
<page orientation="paysage" style="font-size: 18px">
	Ceci est une page en paysage<br>
	<table style="width: 100%; border: solid 1px #FFFFFF;">
		<tr>
			<td style="width: 30%; border: solid 1px #FF0000;">AAA</td>
			<td style="width: 40%; border: solid 1px #00FF00;">BBB</td>
			<td style="width: 30%; border: solid 1px #0000FF;">CCC</td>
		</tr>
		<tr>
			<td style="width: 30%; border: solid 1px #FF0000;">AAA</td>
			<td style="width: 40%; border: solid 1px #00FF00;">BBB</td>
			<td style="width: 30%; border: solid 1px #0000FF;">CCC</td>
		</tr>
		<tr>
			<td style="width: 30%; border: solid 1px #FF0000;">AAA</td>
			<td style="width: 40%; border: solid 1px #00FF00;">BBB</td>
			<td style="width: 30%; border: solid 1px #0000FF;">CCC</td>
		</tr>
	</table>
	<div style="width: 70%; border: solid 1mm #770000; margin: 1mm; padding: 2mm; font-size: 4mm; line-height: normal;">
		<img src="{$_SHOP_images}html2pdf/logoHTMLtoPDF.gif" alt="logo html2pdf" style="float: left; width: 60mm; margin: 2mm; ">
		Lorem ipsum dolor sit amet, consectetur adipiscing elit. Sed elementum, nibh eu ultricies scelerisque, est lorem dignissim elit, quis tempus tortor eros non ipsum. Mauris convallis augue ac sapien. In scelerisque dignissim elit. Donec consequat semper lectus. Sed in quam. Nunc molestie hendrerit ipsum. Curabitur elit risus, rhoncus ut, mattis a, convallis eu, neque. Morbi luctus est sit amet nunc. In nisl. Donec magna libero, aliquet eu, vestibulum ut, mollis sed, felis.
		Lorem ipsum dolor sit amet, consectetur adipiscing elit. Sed elementum, nibh eu ultricies scelerisque, est lorem dignissim elit, quis tempus tortor eros non ipsum. Mauris convallis augue ac sapien. In scelerisque dignissim elit. Donec consequat semper lectus. Sed in quam. Nunc molestie hendrerit ipsum. Curabitur elit risus, rhoncus ut, mattis a, convallis eu, neque. Morbi luctus est sit amet nunc. In nisl. Donec magna libero, aliquet eu, vestibulum ut, mollis sed, felis.
	</div>
	<div style="width: 70%; border: solid 1mm #770000; margin: 1mm; padding: 2mm; font-size: 4mm; line-height: 150%;text-align: right;">
		<img src="{$_SHOP_images}html2pdf/logoHTMLtoPDF.gif" alt="logo html2pdf" style="float: right; width: 60mm; margin: 2mm; ">
		Lorem ipsum dolor sit amet, consectetur adipiscing elit. Sed elementum, nibh eu ultricies scelerisque, est lorem dignissim elit, quis tempus tortor eros non ipsum. Mauris convallis augue ac sapien. In scelerisque dignissim elit. Donec consequat semper lectus. Sed in quam. Nunc molestie hendrerit ipsum. Curabitur elit risus, rhoncus ut, mattis a, convallis eu, neque. Morbi luctus est sit amet nunc. In nisl. Donec magna libero, aliquet eu, vestibulum ut, mollis sed, felis.
		Lorem ipsum dolor sit amet, consectetur adipiscing elit. Sed elementum, nibh eu ultricies scelerisque, est lorem dignissim elit, quis tempus tortor eros non ipsum. Mauris convallis augue ac sapien. In scelerisque dignissim elit. Donec consequat semper lectus. Sed in quam. Nunc molestie hendrerit ipsum. Curabitur elit risus, rhoncus ut, mattis a, convallis eu, neque. Morbi luctus est sit amet nunc. In nisl. Donec magna libero, aliquet eu, vestibulum ut, mollis sed, felis.
	</div>
</page>
<page orientation="portrait" style="font-size: 18px">
	Ceci est une page en portrait<br>
	<table style="width: 100%; border: solid 1px #FFFFFF;">
		<tr>
			<td style="width: 30%; border: solid 1px #FF0000;">AAA</td>
			<td style="width: 40%; border: solid 1px #00FF00;">BBB</td>
			<td style="width: 30%; border: solid 1px #0000FF;">CCC</td>
		</tr>
		<tr>
			<td style="width: 30%; border: solid 1px #FF0000;">AAA</td>
			<td style="width: 40%; border: solid 1px #00FF00;">BBB</td>
			<td style="width: 30%; border: solid 1px #0000FF;">CCC</td>
		</tr>
		<tr>
			<td style="width: 30%; border: solid 1px #FF0000;">AAA</td>
			<td style="width: 40%; border: solid 1px #00FF00;">BBB</td>
			<td style="width: 30%; border: solid 1px #0000FF;">CCC</td>
		</tr>
	</table>
</page></templatefile>
