<templatefile type='pdf2'><page style="font-size: 10pt">
	<span style="font-size: 16pt ; font-weight: bold">Démonstration des images<br></span>
	<br>
	<br>
	<b>Dans un tableau :</b><br>
	<table style="width: 50%;border: solid 3px #5544DD" align="center">
		<tr>
			<td style="width: 30%; text-align: left; ">Text à gauche<br>avec retour à<br>la ligne</td>
			<td style="width: 40%; text-align: center;"><img src="{$_SHOP_images}html2pdf/logoHTMLtoPDF.gif" alt="" ><br><i>légende</i></td>
			<td style="width: 30%; text-align: right; ">Texte à droite</td>
		</tr>
	</table>
	<br>
	Texte <span style="text-decoration: underline">souligné</span>,
	texte <span style="text-decoration: overline">surligné</span>,
	texte <span style="text-decoration: line-through">barré</span>,
	texte <span style="text-decoration: underline overline line-through">avec les trois</span>.<br>
	<br>
	<b>Dans un texte :</b><br>
	texte à la suite d'une image, <img src="{$_SHOP_images}html2pdf/logoHTMLtoPDF.gif" alt="" style="height: 10mm">
	texte à la suite d'une image, répétitif car besoin d'un retour à la ligne
	texte à la suite d'une image, répétitif car besoin d'un retour à la ligne
	texte à la suite d'une image, répétitif car besoin d'un retour à la ligne
	texte à la suite d'une image, répétitif car besoin d'un retour à la ligne<br>
	<br>
	<br>
	Test différentes tailles texte
	<span style="font-size: 18pt;">Test Size</span>
	<span style="font-size: 16pt;">Test Size</span>
	<span style="font-size: 14pt;">Test Size</span>
	<span style="font-size: 12pt;">Test Size</span>
	Test différentes tailles texte, répétitif car besoin d'un retour à la ligne
	Test différentes tailles texte, répétitif car besoin d'un retour à la ligne
	Test différentes tailles texte, répétitif car besoin d'un retour à la ligne
	Test différentes tailles texte, répétitif car besoin d'un retour à la ligne
	<br>
	<br>
</page></templatefile>
