<templatefile type='pdf2'><link type="text/css" href="{$_SHOP_images}html2pdf/exemple06.css" rel="stylesheet" >
{literal}
<style type="text/css">
<!--
/* commentaire dans un css */
table, td	{ border: solid 1px #000000; color: #0000AA; }
td.col1		{ color: #00AA00; }

/* autre commentaire */
table.liste				{ border: solid 2px #FF0000; }
table.liste td			{ background: #DDDDDD; }
table.liste td.col1	{ color: #FF0000; }
-->
</style>
{/literal}
<page>
<table>
	<tr>
		<td>Ceci est un</td>
		<td class="col1">test de style</td>
	</tr>
</table>
<br>
<table class="liste">
	<tr>
		<td>Ceci est un</td>
		<td class="col1">test de style</td>
	</tr>
</table>
<br>
<H1>Essai de titre en H1</H1>
<H2>Essai de titre en H2</H2>
<H3>Essai de titre en H3</H3>
<H4>Essai de titre en H4</H4>
<H5>Essai de titre en H5</H5>
<H6>Essai de titre en H6</H6>
<H6 class="titre">Essai de titre en H6</H6>
<H5 class="titre">Essai de titre en H5</H5>
<H4 class="titre">Essai de titre en H4</H4>
<H3 class="titre">Essai de titre en H3</H3>
<H2 class="titre">Essai de titre en H2</H2>
<H1 class="titre">Essai de titre en H1</H1>
<br>
<s>Texte barré !</s><br>
<br>
<span>Texte avec la couleur par défault (style *)</span><br>
</page></templatefile>
